{"cameraMode":{"drawMode":0,"name":"Shaded","section":"Shading Mode"},"sceneLighting":false,"audioPlay":false,"sceneViewState":{"m_AlwaysRefresh":false,"showFog":true,"showSkybox":false,"showFlares":true,"showImageEffects":true,"showParticleSystems":true,"showVisualEffectGraphs":true,"m_FxEnabled":true},"in2DMode":false,"pivot":{"x":-1.8089929819107056,"y":1.6918737888336182,"z":-17.481983184814454},"rotation":{"x":-0.06656686961650849,"y":0.014020758680999279,"z":-0.0012042148737236858,"w":-0.9979520440101624},"size":2.2758805751800539,"orthographic":false}