{"cameraMode":{"drawMode":0,"name":"Shaded","section":"Shading Mode"},"sceneLighting":false,"audioPlay":false,"sceneViewState":{"m_AlwaysRefresh":false,"showFog":true,"showSkybox":false,"showFlares":true,"showImageEffects":true,"showParticleSystems":true,"showVisualEffectGraphs":true,"m_FxEnabled":true},"in2DMode":false,"pivot":{"x":-0.37031421065330508,"y":0.38267475366592409,"z":0.30020031332969668},"rotation":{"x":-0.08182743936777115,"y":0.5680374503135681,"z":-0.05346829071640968,"w":-0.8178917169570923},"size":0.4782390296459198,"orthographic":false}